norad_id,name,regime,epoch,line1,line2,inclination,eccentricity,mean_motion,raan,arg_pericenter,mean_anomaly
65486,SHIYAN 29,IGO,25248.71179175,1 65486U 25196    25248.71179175 -.00000375  00000-0  00000+0 0    76,2 65486  28.5020  21.8271 6979601 128.0434 217.1303  2.68724552    30,28.502,0.6979601,2.68724552,21.8271,128.0434,217.1303
65486,SHIYAN 29,IGO,25248.88014362,1 65486U 25196A   25248.88014362 -.00000002  00000-0  00000-0 0    78,2 65486  28.5104  22.1048 0090663 130.5170  10.0821  0.98867231    16,28.5104,0.0090663,0.98867231,22.1048,130.517,10.0821
65486,SHIYAN 29,IGO,25248.90371892,1 65486U 25196A   25248.90371892 -.00000002  00000-0  00000-0 0    75,2 65486  28.5101  22.1059 0090672 130.5114  18.4779  0.98866980    39,28.5101,0.0090672,0.9886698,22.1059,130.5114,18.4779
65486,SHIYAN 29,IGO,25248.96195228,1 65486U 25196A   25248.96195228 -.00000004  00000-0  00000+0 0    35,2 65486  28.5063  22.1061 0091747 130.4649  39.2518  0.98854323    35,28.5063,0.0091747,0.98854323,22.1061,130.4649,39.2518
65486,SHIYAN 29,IGO,25249.71688874,1 65486U 25196A   25249.71688874 -.00000015  00000-0  00000+0 0    80,2 65486  28.5097  22.0954 0090722 130.6154 307.8079  0.98866084    41,28.5097,0.0090722,0.98866084,22.0954,130.6154,307.8079
65486,SHIYAN 29,IGO,25249.88183418,1 65486U 25196A   25249.88183418 -.00000018  00000-0  00000-0 0   143,2 65486  28.5099  22.0937 0090717 130.6319   6.5001  0.98866149    41,28.5099,0.0090717,0.98866149,22.0937,130.6319,6.5001
65486,SHIYAN 29,IGO,25250.31160229,1 65486U 25196A   25250.31160229 -.00000026  00000-0  00000-0 0   169,2 65486  28.5103  22.0885 0090713 130.6823 159.4167  0.98866211    46,28.5103,0.0090713,0.98866211,22.0885,130.6823,159.4167
65486,SHIYAN 29,IGO,25250.56198014,1 65486U 25196A   25250.56198014 -.00000031  00000-0  00000+0 0   120,2 65486  28.5107  22.0853 0090703 130.7013 248.5144  0.98866172    58,28.5107,0.0090703,0.98866172,22.0853,130.7013,248.5144
65486,SHIYAN 29,IGO,25250.80665352,1 65486U 25196A   25250.80665352 -.00000036  00000-0  00000-0 0   183,2 65486  28.5110  22.0822 0090690 130.7229 335.5795  0.98866265    54,28.511,0.009069,0.98866265,22.0822,130.7229,335.5795
65486,SHIYAN 29,IGO,25251.27826471,1 65486U 25196A   25251.27826471 -.00000046  00000-0  00000-0 0   198,2 65486  28.5116  22.0765 0090675 130.7733 143.3895  0.98866369    50,28.5116,0.0090675,0.98866369,22.0765,130.7733,143.3895
65486,SHIYAN 29,IGO,25251.60118816,1 65486U 25196A   25251.60118816 -.00000054  00000-0  00000-0 0   236,2 65486  28.5120  22.0726 0090658 130.8037 258.2977  0.98866458    68,28.512,0.0090658,0.98866458,22.0726,130.8037,258.2977
65486,SHIYAN 29,IGO,25251.79799281,1 65486U 25196A   25251.79799281 -.00000058  00000-0  00000-0 0   253,2 65486  28.5123  22.0702 0090643 130.8188 328.3316  0.98866533    66,28.5123,0.0090643,0.98866533,22.0702,130.8188,328.3316
65486,SHIYAN 29,IGO,25252.29638994,1 65486U 25196A   25252.29638994 -.00000071  00000-0  00000-0 0   279,2 65486  28.5129  22.0642 0090617 130.8664 145.6787  0.98866667    65,28.5129,0.0090617,0.98866667,22.0642,130.8664,145.6787
65486,SHIYAN 29,IGO,25252.77635402,1 65486U 25196A   25252.77635402 -.00000083  00000-0  00000-0 0   311,2 65486  28.5135  22.0583 0090579 130.9069 316.4731  0.98866813    74,28.5135,0.0090579,0.98866813,22.0583,130.9069,316.4731
65486,SHIYAN 29,IGO,25253.33080718,1 65486U 25196A   25253.33080718 -.00000098  00000-0  00000-0 0   336,2 65486  28.5143  22.0515 0090539 130.9534 153.7740  0.98866979    76,28.5143,0.0090539,0.98866979,22.0515,130.9534,153.774
65486,SHIYAN 29,IGO,25253.55616429,1 65486U 25196A   25253.55616429 -.00000104  00000-0  00000-0 0   343,2 65486  28.5146  22.0488 0090520 130.9739 233.9656  0.98867045    88,28.5146,0.009052,0.98867045,22.0488,130.9739,233.9656
65486,SHIYAN 29,IGO,25254.53879328,1 65486U 25196A   25254.53879328 -.00000132  00000-0  00000+0 0   262,2 65486  28.5159  22.0369 0090430 131.0431 223.6470  0.98867371    83,28.5159,0.009043,0.98867371,22.0369,131.0431,223.647
65486,SHIYAN 29,IGO,25254.57058653,1 65486U 25196A   25254.57058653 -.00000133  00000-0  00000-0 0   381,2 65486  28.5159  22.0365 0090426 131.0453 234.9611  0.98867383    94,28.5159,0.0090426,0.98867383,22.0365,131.0453,234.9611
65486,SHIYAN 29,IGO,25255.55269211,1 65486U 25196A   25255.55269211 -.00000160  00000-0  00000-0 0   407,2 65486  28.5172  22.0246 0090327 131.1005 224.4712  0.98867720    92,28.5172,0.0090327,0.9886772,22.0246,131.1005,224.4712
65486,SHIYAN 29,IGO,25255.78440544,1 65486U 25196A   25255.78440544 -.00000167  00000-0  00000-0 0   421,2 65486  28.5175  22.0217 0090300 131.1099 306.9371  0.98867802   107,28.5175,0.00903,0.98867802,22.0217,131.1099,306.9371
65486,SHIYAN 29,IGO,25256.60307172,1 65486U 25196A   25256.60307172 -.00000188  00000-0  00000-0 0   436,2 65486  28.5186  22.0118 0090219 131.1423 238.2973  0.98868079   112,28.5186,0.0090219,0.98868079,22.0118,131.1423,238.2973
65486,SHIYAN 29,IGO,25257.17186280,1 65486U 25196A   25257.17186280 -.00000203  00000-0  00000-0 0   454,2 65486  28.5192  22.0050 0090159 131.1534  80.7403  0.98868307   112,28.5192,0.0090159,0.98868307,22.005,131.1534,80.7403
65486,SHIYAN 29,IGO,25257.34469494,1 65486U 25196A   25257.34469494 -.00000207  00000-0  00000-0 0   470,2 65486  28.5194  22.0029 0090142 131.1580 142.2530  0.98868361   118,28.5194,0.0090142,0.98868361,22.0029,131.158,142.253
65486,SHIYAN 29,IGO,25257.57617230,1 65486U 25196A   25257.57617230 -.00000212  00000-0  00000-0 0   485,2 65486  28.5197  22.0001 0090122 131.1675 224.6351  0.98868409   113,28.5197,0.0090122,0.98868409,22.0001,131.1675,224.6351
65486,SHIYAN 29,IGO,25258.61294759,1 65486U 25196A   25258.61294759 -.00000235  00000-0  00000-0 0   517,2 65486  28.5210  21.9875 0090026 131.1853 233.6452  0.98868711   137,28.521,0.0090026,0.98868711,21.9875,131.1853,233.6452
65486,SHIYAN 29,IGO,25259.58447578,1 65486U 25196A   25259.58447578 -.00000252  00000-0  00000-0 0    17,2 65486  28.5221  21.9757 0089948 131.1917 219.4438  0.98868954   135,28.5221,0.0089948,0.98868954,21.9757,131.1917,219.4438
65486,SHIYAN 29,IGO,25260.23395459,1 65486U 25196A   25260.23395459 -.00000261  00000-0  00000-0 0    11,2 65486  28.5229  21.9677 0089905 131.1953  90.6158  0.98869085   142,28.5229,0.0089905,0.98869085,21.9677,131.1953,90.6158
65486,SHIYAN 29,IGO,25260.88302373,1 65486U 25196A   25260.88302373 -.00000268  00000-0  00000-0 0    12,2 65486  28.5235  21.9599 0089865 131.1937 321.6475  0.98869172   156,28.5235,0.0089865,0.98869172,21.9599,131.1937,321.6475
65486,SHIYAN 29,IGO,25261.22407144,1 65486U 25196A   25261.22407144 -.00000271  00000-0  00000-0 0    17,2 65486  28.5240  21.9558 0089850 131.1944  83.0395  0.98869218   150,28.524,0.008985,0.98869218,21.9558,131.1944,83.0395
65486,SHIYAN 29,IGO,25261.78434903,1 65486U 25196A   25261.78434903 -.00000274  00000-0  00000-0 0    14,2 65486  28.5246  21.9490 0089825 131.1865 282.4728  0.98869253   160,28.5246,0.0089825,0.98869253,21.949,131.1865,282.4728
65486,SHIYAN 29,IGO,25262.25225497,1 65486U 25196A   25262.25225497 -.00000276  00000-0  00000-0 0    15,2 65486  28.5251  21.9433 0089809 131.1900  89.0162  0.98869267   163,28.5251,0.0089809,0.98869267,21.9433,131.19,89.0162
65486,SHIYAN 29,IGO,25262.59422479,1 65486U 25196A   25262.59422479 -.00000277  00000-0  00000-0 0    12,2 65486  28.5255  21.9390 0089802 131.1822 210.7449  0.98869279   169,28.5255,0.0089802,0.98869279,21.939,131.1822,210.7449
65486,SHIYAN 29,IGO,25262.92200972,1 65486U 25196A   25262.92200972 -.00000277  00000-0  00000-0 0    11,2 65486  28.5259  21.9351 0089793 131.1820 327.4171  0.98869249   173,28.5259,0.0089793,0.98869249,21.9351,131.182,327.4171
65486,SHIYAN 29,IGO,25263.80385659,1 65486U 25196A   25263.80385659 -.00000274  00000-0  00000-0 0    12,2 65486  28.5268  21.9243 0089787 131.1758 281.3081  0.98869170   188,28.5268,0.0089787,0.9886917,21.9243,131.1758,281.3081
65486,SHIYAN 29,IGO,25265.05477617,1 65486U 25196A   25265.05477617 -.00000263  00000-0  00000-0 0    15,2 65486  28.5282  21.9090 0089791 131.1787   6.5574  0.98868930   199,28.5282,0.0089791,0.9886893,21.909,131.1787,6.5574
65486,SHIYAN 29,IGO,25265.56737606,1 65486U 25196A   25265.56737606 -.00000257  00000-0  00000-0 0    11,2 65486  28.5287  21.9028 0089801 131.1835 189.0069  0.98868814   198,28.5287,0.0089801,0.98868814,21.9028,131.1835,189.0069
65486,SHIYAN 29,IGO,25265.69142038,1 65486U 25196A   25265.69142038 -.00000255  00000-0  00000-0 0    12,2 65486  28.5289  21.9012 0089807 131.1816 233.1609  0.98868781   204,28.5289,0.0089807,0.98868781,21.9012,131.1816,233.1609
65486,SHIYAN 29,IGO,25266.17891924,1 65486U 25196A   25266.17891924 -.00000247  00000-0  00000-0 0    12,2 65486  28.5294  21.8953 0089815 131.1871  46.6751  0.98868614   203,28.5294,0.0089815,0.98868614,21.8953,131.1871,46.6751
65486,SHIYAN 29,IGO,25266.72011809,1 65486U 25196A   25266.72011809 -.00000238  00000-0  00000-0 0   929,2 65486  28.5300  21.8887 0089837 131.1932 239.3021  0.98868449   217,28.53,0.0089837,0.98868449,21.8887,131.1932,239.3021
65486,SHIYAN 29,IGO,25269.04122336,1 65486U 25196A   25269.04122336 -.00000184  00000-0  00000-0 0    15,2 65486  28.5324  21.8606 0089944 131.2482 345.4115  0.98867463   232,28.5324,0.0089944,0.98867463,21.8606,131.2482,345.4115
65486,SHIYAN 29,IGO,25269.88161068,1 65486U 25196A   25269.88161068 -.00000161  00000-0  00000-0 0    17,2 65486  28.5333  21.8504 0089983 131.2812 284.5003  0.98867077   240,28.5333,0.0089983,0.98867077,21.8504,131.2812,284.5003
65486,SHIYAN 29,IGO,25270.90305735,1 65486U 25196A   25270.90305735 -.00000132  00000-0  00000+0 0   650,2 65486  28.5344  21.8380 0090037 131.3298 288.0167  0.98866574   257,28.5344,0.0090037,0.98866574,21.838,131.3298,288.0167
65486,SHIYAN 29,IGO,25270.90305736,1 65486U 25196A   25270.90305736 -.00000132  00000-0  00000-0 0    12,2 65486  28.5344  21.8380 0090037 131.3298 288.0167  0.98866574   257,28.5344,0.0090037,0.98866574,21.838,131.3298,288.0167
65486,SHIYAN 29,IGO,25271.95971657,1 65486U 25196A   25271.95971657 -.00000125  00000-0  00000-0 0  1113,2 65486  28.5364  21.8242 0078957 126.9736 309.0104  0.99059547   261,28.5364,0.0078957,0.99059547,21.8242,126.9736,309.0104
65486,SHIYAN 29,IGO,25272.71764993,1 65486U 25196A   25272.71764993 -.00000104  00000-0  00000+0 0   677,2 65486  28.5372  21.8149 0078987 127.0253 219.2566  0.99059130   267,28.5372,0.0078987,0.9905913,21.8149,127.0253,219.2566
65486,SHIYAN 29,IGO,25274.31884758,1 65486U 25196A   25274.31884758 -.00000252  00000-0  00000-0 0  1190,2 65486  28.5396  21.7935 0023727 181.8155  20.0775  1.00082617   287,28.5396,0.0023727,1.00082617,21.7935,181.8155,20.0775
65486,SHIYAN 29,IGO,25274.45707431,1 65486U 25196A   25274.45707431 -.00000252  00000-0  00000+0 0   689,2 65486  28.5369  21.7882 0023814 181.7349  69.9660  1.00081232   286,28.5369,0.0023814,1.00081232,21.7882,181.7349,69.966
65486,SHIYAN 29,IGO,25274.82896116,1 65486U 25196A   25274.82896116 -.00000249  00000-0  00000+0 0   696,2 65486  28.5395  21.7894 0023841 181.9590 203.7314  1.00078247   295,28.5395,0.0023841,1.00078247,21.7894,181.959,203.7314
65486,SHIYAN 29,IGO,25274.88324999,1 65486U 25196A   25274.88324999 -.00000249  00000-0  00000-0 0  1329,2 65486  28.5395  21.7888 0023848 181.9716 223.2787  1.00078214   290,28.5395,0.0023848,1.00078214,21.7888,181.9716,223.2787
65486,SHIYAN 29,IGO,25275.18515652,1 65486U 25196A   25275.18515652 -.00000247  00000-0  00000+0 0   710,2 65486  28.5398  21.7849 0023879 182.0378 331.9872  1.00078081   294,28.5398,0.0023879,1.00078081,21.7849,182.0378,331.9872
65486,SHIYAN 29,IGO,25275.57397587,1 65486U 25196A   25275.57397587 -.00000245  00000-0  00000+0 0   772,2 65486  28.5402  21.7801 0023906 182.0670 112.0466  1.00077874   290,28.5402,0.0023906,1.00077874,21.7801,182.067,112.0466
65486,SHIYAN 29,IGO,25275.87787369,1 65486U 25196A   25275.87787369 -.00000244  00000-0  00000-0 0  1407,2 65486  28.5405  21.7762 0023929 182.1204 221.4855  1.00077728   305,28.5405,0.0023929,1.00077728,21.7762,182.1204,221.4855
65486,SHIYAN 29,IGO,25276.22802815,1 65486U 25196A   25276.22802815 -.00000242  00000-0  00000+0 0   799,2 65486  28.5409  21.7719 0023959 182.2212 347.5418  1.00077538   308,28.5409,0.0023959,1.00077538,21.7719,182.2212,347.5418
65486,SHIYAN 29,IGO,25276.59580535,1 65486U 25196A   25276.59580535 -.00000241  00000-0  00000-0 0  1466,2 65486  28.5413  21.7672 0023987 182.2684 120.0016  1.00077356   301,28.5413,0.0023987,1.00077356,21.7672,182.2684,120.0016
65486,SHIYAN 29,IGO,25276.67127056,1 65486U 25196A   25276.67127056 -.00000240  00000-0  00000-0 0  1470,2 65486  28.5414  21.7663 0023993 182.2811 147.1783  1.00077318   300,28.5414,0.0023993,1.00077318,21.7663,182.2811,147.1783
65486,SHIYAN 29,IGO,25277.67244479,1 65486U 25196A   25277.67244479 -.00000236  00000-0  00000+0 0   811,2 65486  28.5426  21.7538 0024061 182.5252 147.6464  1.00076812   313,28.5426,0.0024061,1.00076812,21.7538,182.5252,147.6464
65486,SHIYAN 29,IGO,25277.74481279,1 65486U 25196A   25277.74481279 -.00000236  00000-0  00000+0 0   821,2 65486  28.5427  21.7530 0024066 182.5419 173.7032  1.00076778   318,28.5427,0.0024066,1.00076778,21.753,182.5419,173.7032
65486,SHIYAN 29,IGO,25278.12333729,1 65486U 25196A   25278.12333729 -.00000235  00000-0  00000+0 0   830,2 65486  28.5432  21.7482 0024080 182.6684 309.9546  1.00076605   324,28.5432,0.002408,1.00076605,21.7482,182.6684,309.9546
65486,SHIYAN 29,IGO,25278.55220674,1 65486U 25196A   25278.55220674 -.00000233  00000-0  00000+0 0   840,2 65486  28.5438  21.7428 0024104 182.7743 104.3647  1.00076391   325,28.5438,0.0024104,1.00076391,21.7428,182.7743,104.3647
65486,SHIYAN 29,IGO,25278.62726220,1 65486U 25196A   25278.62726220 -.00000233  00000-0  00000+0 0   857,2 65486  28.5439  21.7419 0024110 182.7894 131.3912  1.00076356   326,28.5439,0.002411,1.00076356,21.7419,182.7894,131.3912
65486,SHIYAN 29,IGO,25279.21531800,1 65486U 25196A   25279.21531800 -.00000231  00000-0  00000+0 0   871,2 65486  28.5446  21.7347 0024122 182.9838 343.0652  1.00076092   338,28.5446,0.0024122,1.00076092,21.7347,182.9838,343.0652
65486,SHIYAN 29,IGO,25279.30035957,1 65486U 25196A   25279.30035957 -.00000231  00000-0  00000+0 0   884,2 65486  28.5447  21.7336 0024123 183.0093  13.6789  1.00076052   330,28.5447,0.0024123,1.00076052,21.7336,183.0093,13.6789
65486,SHIYAN 29,IGO,25279.61046255,1 65486U 25196A   25279.61046255 -.00000266  00000-0  00000+0 0   890,2 65486  28.5437  21.7291 0011229 174.9592 133.6886  1.00274414   338,28.5437,0.0011229,1.00274414,21.7291,174.9592,133.6886
65486,SHIYAN 29,IGO,25279.84245648,1 65486U 25196A   25279.84245648 -.00000266  00000-0  00000-0 0  1692,2 65486  28.5440  21.7263 0011143 174.3847 218.0163  1.00276028   343,28.544,0.0011143,1.00276028,21.7263,174.3847,218.0163
65486,SHIYAN 29,IGO,25280.64406339,1 65486U 25196A   25280.64406339 -.00000269  00000-0  00000+0 0   925,2 65486  28.5450  21.7163 0011131 174.9569 146.8281  1.00275680   349,28.545,0.0011131,1.0027568,21.7163,174.9569,146.8281
65486,SHIYAN 29,IGO,25280.64406340,1 65486U 25196A   25280.64406340 -.00000269  00000-0  00000-0 0  1727,2 65486  28.5450  21.7163 0011131 174.9569 146.8281  1.00275680   349,28.545,0.0011131,1.0027568,21.7163,174.9569,146.8281
65486,SHIYAN 29,IGO,25281.27490432,1 65486U 25196A   25281.27490432 -.00000270  00000-0  00000-0 0  1735,2 65486  28.5458  21.7084 0011102 175.3387  14.1826  1.00275449   356,28.5458,0.0011102,1.00275449,21.7084,175.3387,14.1826
65486,SHIYAN 29,IGO,25281.32559639,1 65486U 25196A   25281.32559639 -.00000270  00000-0  00000+0 0   947,2 65486  28.5458  21.7077 0011101 175.3772  32.4440  1.00275425   354,28.5458,0.0011101,1.00275425,21.7077,175.3772,32.444
65486,SHIYAN 29,IGO,25282.22221670,1 65486U 25196A   25282.22221670 -.00000273  00000-0  00000+0 0   952,2 65486  28.5469  21.6965 0011066 175.8796 355.6247  1.00275117   366,28.5469,0.0011066,1.00275117,21.6965,175.8796,355.6247
65486,SHIYAN 29,IGO,25282.22221671,1 65486U 25196A   25282.22221671 -.00000273  00000-0  00000-0 0  1753,2 65486  28.5469  21.6965 0011066 175.8796 355.6247  1.00275117   366,28.5469,0.0011066,1.00275117,21.6965,175.8796,355.6247
65486,SHIYAN 29,IGO,25282.62470267,1 65486U 25196A   25282.62470267 -.00000274  00000-0  00000-0 0  1799,2 65486  28.5474  21.6914 0011053 176.1811 140.6214  1.00274991   369,28.5474,0.0011053,1.00274991,21.6914,176.1811,140.6214
65486,SHIYAN 29,IGO,25282.76600494,1 65486U 25196A   25282.76600494 -.00000274  00000-0  00000+0 0   968,2 65486  28.5476  21.6897 0011047 176.2603 191.5528  1.00274953   376,28.5476,0.0011047,1.00274953,21.6897,176.2603,191.5528
65486,SHIYAN 29,IGO,25282.76600495,1 65486U 25196A   25282.76600495 -.00000274  00000-0  00000-0 0  1826,2 65486  28.5476  21.6897 0011047 176.2603 191.5528  1.00274953   376,28.5476,0.0011047,1.00274953,21.6897,176.2603,191.5528
65486,SHIYAN 29,IGO,25283.22370352,1 65486U 25196A   25283.22370352 -.00000276  00000-0  00000+0 0   970,2 65486  28.5481  21.6840 0011007 176.4696 356.5738  1.00274820   379,28.5481,0.0011007,1.0027482,21.684,176.4696,356.5738
65486,SHIYAN 29,IGO,25283.29494536,1 65486U 25196A   25283.29494536 -.00000276  00000-0  00000-0 0  1846,2 65486  28.5482  21.6831 0011001 176.4987  22.2630  1.00274804   377,28.5482,0.0011001,1.00274804,21.6831,176.4987,22.263
65486,SHIYAN 29,IGO,25283.33983303,1 65486U 25196A   25283.33983303 -.00000276  00000-0  00000+0 0   989,2 65486  28.5482  21.6825 0010998 176.5203  38.4459  1.00274794   372,28.5482,0.0010998,1.00274794,21.6825,176.5203,38.4459
65486,SHIYAN 29,IGO,25283.81095858,1 65486U 25196A   25283.81095858 -.00000277  00000-0  00000-0 0  1872,2 65486  28.5488  21.6766 0010976 176.8314 208.2116  1.00274666   380,28.5488,0.0010976,1.00274666,21.6766,176.8314,208.2116
65486,SHIYAN 29,IGO,25284.08547058,1 65486U 25196A   25284.08547058 -.00000277  00000-0  00000+0 0  1011,2 65486  28.5492  21.6732 0010949 176.9270 307.2153  1.00274596   383,28.5492,0.0010949,1.00274596,21.6732,176.927,307.2153
65486,SHIYAN 29,IGO,25284.26449094,1 65486U 25196A   25284.26449094 -.00000278  00000-0  00000-0 0  1890,2 65486  28.5494  21.6709 0010932 176.9735  11.7953  1.00274554   386,28.5494,0.0010932,1.00274554,21.6709,176.9735,11.7953
65486,SHIYAN 29,IGO,25284.82250929,1 65486U 25196A   25284.82250929 -.00000279  00000-0  00000-0 0  1946,2 65486  28.5501  21.6640 0010892 177.2927 212.9206  1.00274432   393,28.5501,0.0010892,1.00274432,21.664,177.2927,212.9206
65486,SHIYAN 29,IGO,25285.08519516,1 65486U 25196A   25285.08519516 -.00000279  00000-0  00000-0 0  1956,2 65486  28.5504  21.6607 0010867 177.3596 307.6836  1.00274373   399,28.5504,0.0010867,1.00274373,21.6607,177.3596,307.6836
65486,SHIYAN 29,IGO,25285.65125832,1 65486U 25196A   25285.65125832 -.00000279  00000-0  00000-0 0  2000,2 65486  28.5511  21.6536 0010816 177.5681 151.8232  1.00274269   392,28.5511,0.0010816,1.00274269,21.6536,177.5681,151.8232
65486,SHIYAN 29,IGO,25285.82912631,1 65486U 25196A   25285.82912631 -.00000280  00000-0  00000-0 0  2046,2 65486  28.5513  21.6514 0010800 177.6565 215.9452  1.00274233   404,28.5513,0.00108,1.00274233,21.6514,177.6565,215.9452
65486,SHIYAN 29,IGO,25286.25672779,1 65486U 25196A   25286.25672779 -.00000280  00000-0  00000-0 0  2084,2 65486  28.5518  21.6461 0010765 177.7060  10.2597  1.00274149   403,28.5518,0.0010765,1.00274149,21.6461,177.706,10.2597
65486,SHIYAN 29,IGO,25286.63035523,1 65486U 25196A   25286.63035523 -.00000280  00000-0  00000-0 0  2110,2 65486  28.5522  21.6414 0010728 177.8367 145.0077  1.00274099   400,28.5522,0.0010728,1.00274099,21.6414,177.8367,145.0077
65486,SHIYAN 29,IGO,25286.69277458,1 65486U 25196A   25286.69277458 -.00000280  00000-0  00000+0 0  1119,2 65486  28.5523  21.6407 0010720 177.8648 167.5129  1.00274087   401,28.5523,0.001072,1.00274087,21.6407,177.8648,167.5129
65486,SHIYAN 29,IGO,25286.84404065,1 65486U 25196A   25286.84404065 -.00000280  00000-0  00000-0 0  2147,2 65486  28.5524  21.6388 0010704 177.9188 222.0659  1.00274059   417,28.5524,0.0010704,1.00274059,21.6388,177.9188,222.0659
65486,SHIYAN 29,IGO,25287.20129866,1 65486U 25196A   25287.20129866 -.00000280  00000-0  00000-0 0  2174,2 65486  28.5528  21.6343 0010679 177.9371 351.0174  1.00273992   417,28.5528,0.0010679,1.00273992,21.6343,177.9371,351.0174
65486,SHIYAN 29,IGO,25287.76362800,1 65486U 25196A   25287.76362800 -.00000280  00000-0  00000-0 0  2228,2 65486  28.5535  21.6273 0010621 178.0595 193.8945  1.00273916   429,28.5535,0.0010621,1.00273916,21.6273,178.0595,193.8945
65486,SHIYAN 29,IGO,25288.64419167,1 65486U 25196A   25288.64419167 -.00000279  00000-0  00000-0 0  2256,2 65486  28.5544  21.6163 0010553 178.1188 151.7167  1.00273780   428,28.5544,0.0010553,1.0027378,21.6163,178.1188,151.7167
65486,SHIYAN 29,IGO,25288.73967330,1 65486U 25196A   25288.73967330 -.00000279  00000-0  00000+0 0  1175,2 65486  28.5545  21.6151 0010540 178.1320 186.1721  1.00273765   432,28.5545,0.001054,1.00273765,21.6151,178.132,186.1721
65486,SHIYAN 29,IGO,25288.82163807,1 65486U 25196A   25288.82163807 -.00000279  00000-0  00000-0 0  2286,2 65486  28.5546  21.6140 0010531 178.1403 215.7530  1.00273750   434,28.5546,0.0010531,1.0027375,21.614,178.1403,215.753
65486,SHIYAN 29,IGO,25289.20180715,1 65486U 25196A   25289.20180715 -.00000278  00000-0  00000+0 0  1193,2 65486  28.5550  21.6093 0010510 178.1353 352.9982  1.00273678   431,28.555,0.001051,1.00273678,21.6093,178.1353,352.9982
65486,SHIYAN 29,IGO,25289.64059101,1 65486U 25196A   25289.64059101 -.00000278  00000-0  00000-0 0  2355,2 65486  28.5555  21.6038 0010481 178.1237 151.4093  1.00273620   435,28.5555,0.0010481,1.0027362,21.6038,178.1237,151.4093
65486,SHIYAN 29,IGO,25289.84428336,1 65486U 25196A   25289.84428336 -.00000277  00000-0  00000-0 0  2389,2 65486  28.5557  21.6012 0010457 178.1188 224.9463  1.00273584   444,28.5557,0.0010457,1.00273584,21.6012,178.1188,224.9463
65486,SHIYAN 29,IGO,25290.19159146,1 65486U 25196A   25290.19159146 -.00000277  00000-0  00000-0 0  2390,2 65486  28.5560  21.5969 0010441 178.1081 350.3343  1.00273513   446,28.556,0.0010441,1.00273513,21.5969,178.1081,350.3343
65486,SHIYAN 29,IGO,25290.76664926,1 65486U 25196A   25290.76664926 -.00000276  00000-0  00000-0 0  2423,2 65486  28.5567  21.5897 0010407 178.0475 197.9884  1.00273420   454,28.5567,0.0010407,1.0027342,21.5897,178.0475,197.9884
65486,SHIYAN 29,IGO,25291.19101941,1 65486U 25196A   25291.19101941 -.00000275  00000-0  00000+0 0  1252,2 65486  28.5571  21.5843 0010385 178.0129 351.2192  1.00273329   456,28.5571,0.0010385,1.00273329,21.5843,178.0129,351.2192
65486,SHIYAN 29,IGO,25291.26677050,1 65486U 25196A   25291.26677050 -.00000275  00000-0  00000-0 0  2442,2 65486  28.5572  21.5834 0010385 178.0079  18.5700  1.00273313   452,28.5572,0.0010385,1.00273313,21.5834,178.0079,18.57
65486,SHIYAN 29,IGO,25291.74995477,1 65486U 25196A   25291.74995477 -.00000274  00000-0  00000+0 0  1279,2 65486  28.5577  21.5774 0010365 177.9286 193.0765  1.00273228   462,28.5577,0.0010365,1.00273228,21.5774,177.9286,193.0765
65486,SHIYAN 29,IGO,25291.93476765,1 65486U 25196A   25291.93476765 -.00000274  00000-0  00000-0 0  2502,2 65486  28.5579  21.5751 0010353 177.8867 259.8350  1.00273189   467,28.5579,0.0010353,1.00273189,21.5751,177.8867,259.835
65486,SHIYAN 29,IGO,25292.28855527,1 65486U 25196A   25292.28855527 -.00000274  00000-0  00000-0 0  2531,2 65486  28.5582  21.5706 0010346 177.8653  27.5721  1.00273106   467,28.5582,0.0010346,1.00273106,21.5706,177.8653,27.5721
65486,SHIYAN 29,IGO,25292.71750330,1 65486U 25196A   25292.71750330 -.00000273  00000-0  00000+0 0  1318,2 65486  28.5586  21.5652 0010340 177.7883 182.4970  1.00273020   461,28.5586,0.001034,1.0027302,21.5652,177.7883,182.497
65486,SHIYAN 29,IGO,25293.00269808,1 65486U 25196A   25293.00269808 -.00000272  00000-0  00000-0 0  2621,2 65486  28.5589  21.5617 0010327 177.7137 285.5254  1.00272954   478,28.5589,0.0010327,1.00272954,21.5617,177.7137,285.5254
65486,SHIYAN 29,IGO,25293.19987229,1 65486U 25196A   25293.19987229 -.00000272  00000-0  00000+0 0  1331,2 65486  28.5591  21.5592 0010323 177.6922 356.7258  1.00272903   479,28.5591,0.0010323,1.00272903,21.5592,177.6922,356.7258
65486,SHIYAN 29,IGO,25293.26705627,1 65486U 25196A   25293.26705627 -.00000272  00000-0  00000-0 0  2667,2 65486  28.5592  21.5584 0010324 177.6908  20.9803  1.00272887   473,28.5592,0.0010324,1.00272887,21.5584,177.6908,20.9803
65486,SHIYAN 29,IGO,25293.56384235,1 65486U 25196A   25293.56384235 -.00000271  00000-0  00000+0 0  1340,2 65486  28.5595  21.5546 0010328 177.6618 128.1473  1.00272823   470,28.5595,0.0010328,1.00272823,21.5546,177.6618,128.1473
65486,SHIYAN 29,IGO,25293.96519928,1 65486U 25196A   25293.96519928 -.00000271  00000-0  00000-0 0  2705,2 65486  28.5599  21.5497 0010321 177.5404 273.1559  1.00272723   480,28.5599,0.0010321,1.00272723,21.5497,177.5404,273.1559
65486,SHIYAN 29,IGO,25294.62549532,1 65486U 25196A   25294.62549532 -.00000269  00000-0  00000-0 0  2755,2 65486  28.5605  21.5414 0010327 177.4901 151.5687  1.00272550   483,28.5605,0.0010327,1.0027255,21.5414,177.4901,151.5687
65486,SHIYAN 29,IGO,25294.72314512,1 65486U 25196A   25294.72314512 -.00000269  00000-0  00000+0 0  1381,2 65486  28.5606  21.5401 0010329 177.4576 186.8521  1.00272524   490,28.5606,0.0010329,1.00272524,21.5401,177.4576,186.8521
65486,SHIYAN 29,IGO,25294.84343369,1 65486U 25196A   25294.84343369 -.00000269  00000-0  00000+0 0  1397,2 65486  28.5608  21.5387 0010330 177.4193 230.3136  1.00272492   493,28.5608,0.001033,1.00272492,21.5387,177.4193,230.3136
65486,SHIYAN 29,IGO,25294.91972284,1 65486U 25196A   25294.91972284 -.00000269  00000-0  00000-0 0  2807,2 65486  28.5608  21.5377 0010330 177.3941 257.8786  1.00272471   494,28.5608,0.001033,1.00272471,21.5377,177.3941,257.8786
65486,SHIYAN 29,IGO,25295.06839314,1 65486U 25196A   25295.06839314 -.00000269  00000-0  00000+0 0  1404,2 65486  28.5610  21.5358 0010330 177.3534 311.5882  1.00272426   499,28.561,0.001033,1.00272426,21.5358,177.3534,311.5882
65486,SHIYAN 29,IGO,25295.29368308,1 65486U 25196A   25295.29368308 -.00000268  00000-0  00000+0 0  1419,2 65486  28.5612  21.5330 0010329 177.3548  32.9148  1.00272358   497,28.5612,0.0010329,1.00272358,21.533,177.3548,32.9148
65486,SHIYAN 29,IGO,25295.29368309,1 65486U 25196A   25295.29368309 -.00000268  00000-0  00000-0 0  2827,2 65486  28.5612  21.5330 0010329 177.3548  32.9148  1.00272358   497,28.5612,0.0010329,1.00272358,21.533,177.3548,32.9148
65486,SHIYAN 29,IGO,25295.72509375,1 65486U 25196A   25295.72509375 -.00000268  00000-0  00000+0 0  1429,2 65486  28.5616  21.5276 0010346 177.3060 188.6996  1.00272242   502,28.5616,0.0010346,1.00272242,21.5276,177.306,188.6996
65486,SHIYAN 29,IGO,25295.81440615,1 65486U 25196A   25295.81440615 -.00000267  00000-0  00000-0 0  2881,2 65486  28.5617  21.5265 0010349 177.2854 220.9612  1.00272217   501,28.5617,0.0010349,1.00272217,21.5265,177.2854,220.9612
65486,SHIYAN 29,IGO,25296.50514573,1 65486U 25196A   25296.50514573 -.00000266  00000-0  00000-0 0  2905,2 65486  28.5624  21.5179 0010362 177.2211 110.3766  1.00272007   504,28.5624,0.0010362,1.00272007,21.5179,177.2211,110.3766
65486,SHIYAN 29,IGO,25296.67240742,1 65486U 25196A   25296.67240742 -.00000266  00000-0  00000+0 0  1444,2 65486  28.5626  21.5157 0010370 177.2370 170.7412  1.00271982   506,28.5626,0.001037,1.00271982,21.5157,177.237,170.7412
65486,SHIYAN 29,IGO,25296.86154088,1 65486U 25196A   25296.86154088 -.00000266  00000-0  00000-0 0  2950,2 65486  28.5628  21.5134 0010382 177.2074 239.0460  1.00271920   512,28.5628,0.0010382,1.0027192,21.5134,177.2074,239.046
65486,SHIYAN 29,IGO,25297.28390252,1 65486U 25196A   25297.28390252 -.00000265  00000-0  00000-0 0  2973,2 65486  28.5632  21.5081 0010392 177.1585  31.5634  1.00271773   519,28.5632,0.0010392,1.00271773,21.5081,177.1585,31.5634
65486,SHIYAN 29,IGO,25297.69798265,1 65486U 25196A   25297.69798265 -.00000264  00000-0  00000+0 0  1498,2 65486  28.5636  21.5029 0010412 177.1774 181.0234  1.00271639   516,28.5636,0.0010412,1.00271639,21.5029,177.1774,181.0234
65486,SHIYAN 29,IGO,25297.86023700,1 65486U 25196A   25297.86023700 -.00000264  00000-0  00000+0 0  1515,2 65486  28.5638  21.5009 0010425 177.1701 239.6027  1.00271581   527,28.5638,0.0010425,1.00271581,21.5009,177.1701,239.6027
65486,SHIYAN 29,IGO,25297.86023701,1 65486U 25196A   25297.86023701 -.00000264  00000-0  00000-0 0  3058,2 65486  28.5638  21.5009 0010425 177.1701 239.6027  1.00271581   527,28.5638,0.0010425,1.00271581,21.5009,177.1701,239.6027
65486,SHIYAN 29,IGO,25298.20115788,1 65486U 25196A   25298.20115788 -.00000263  00000-0  00000+0 0  1522,2 65486  28.5641  21.4966 0010441 177.1398   2.7017  1.00271452   527,28.5641,0.0010441,1.00271452,21.4966,177.1398,2.7017
65486,SHIYAN 29,IGO,25298.20115789,1 65486U 25196A   25298.20115789 -.00000263  00000-0  00000-0 0  3065,2 65486  28.5641  21.4966 0010441 177.1398   2.7017  1.00271452   527,28.5641,0.0010441,1.00271452,21.4966,177.1398,2.7017
65486,SHIYAN 29,IGO,25298.54798059,1 65486U 25196A   25298.54798059 -.00000263  00000-0  00000+0 0  1538,2 65486  28.5644  21.4923 0010450 177.1566 127.8841  1.00271334   523,28.5644,0.001045,1.00271334,21.4923,177.1566,127.8841
65486,SHIYAN 29,IGO,25298.70816251,1 65486U 25196A   25298.70816251 -.00000263  00000-0  00000+0 0  1542,2 65486  28.5646  21.4903 0010463 177.1666 185.6980  1.00271277   531,28.5646,0.0010463,1.00271277,21.4903,177.1666,185.698
65486,SHIYAN 29,IGO,25298.86073175,1 65486U 25196A   25298.86073175 -.00000262  00000-0  00000-0 0  3136,2 65486  28.5647  21.4884 0010478 177.1778 240.7624  1.00271219   534,28.5647,0.0010478,1.00271219,21.4884,177.1778,240.7624
65486,SHIYAN 29,IGO,25299.21197646,1 65486U 25196A   25299.21197646 -.00000262  00000-0  00000-0 0  3169,2 65486  28.5651  21.4840 0010498 177.1846   7.5506  1.00271075   537,28.5651,0.0010498,1.00271075,21.484,177.1846,7.5506
65486,SHIYAN 29,IGO,25299.51023593,1 65486U 25196A   25299.51023593 -.00000261  00000-0  00000+0 0  1572,2 65486  28.5654  21.4803 0010507 177.1947 115.2085  1.00270966   539,28.5654,0.0010507,1.00270966,21.4803,177.1947,115.2085
65486,SHIYAN 29,IGO,25299.76112369,1 65486U 25196A   25299.76112369 -.00000261  00000-0  00000+0 0  1580,2 65486  28.5656  21.4771 0010526 177.2357 205.7349  1.00270869   543,28.5656,0.0010526,1.00270869,21.4771,177.2357,205.7349
65486,SHIYAN 29,IGO,25299.88976170,1 65486U 25196A   25299.88976170 -.00000261  00000-0  00000+0 0  1592,2 65486  28.5658  21.4755 0010539 177.2664 252.1407  1.00270816   545,28.5658,0.0010539,1.00270816,21.4755,177.2664,252.1407
65486,SHIYAN 29,IGO,25299.94978365,1 65486U 25196A   25299.94978365 -.00000261  00000-0  00000-0 0  3231,2 65486  28.5658  21.4748 0010545 177.2780 273.7962  1.00270791   540,28.5658,0.0010545,1.00270791,21.4748,177.278,273.7962
65486,SHIYAN 29,IGO,25300.20233669,1 65486U 25196A   25300.20233669 -.00000261  00000-0  00000+0 0  1602,2 65486  28.5661  21.4716 0010561 177.3066   4.9356  1.00270679   541,28.5661,0.0010561,1.00270679,21.4716,177.3066,4.9356
65486,SHIYAN 29,IGO,25300.27360398,1 65486U 25196A   25300.27360398 -.00000260  00000-0  00000-0 0  3274,2 65486  28.5662  21.4707 0010563 177.3068  30.6619  1.00270649   541,28.5662,0.0010563,1.00270649,21.4707,177.3068,30.6619
65486,SHIYAN 29,IGO,25300.53806436,1 65486U 25196A   25300.53806436 -.00000260  00000-0  00000+0 0  1616,2 65486  28.5664  21.4674 0010572 177.3221 126.1132  1.00270546   544,28.5664,0.0010572,1.00270546,21.4674,177.3221,126.1132
65486,SHIYAN 29,IGO,25300.76906274,1 65486U 25196A   25300.76906274 -.00000260  00000-0  00000+0 0  1623,2 65486  28.5667  21.4645 0010589 177.3804 209.4422  1.00270451   553,28.5667,0.0010589,1.00270451,21.4645,177.3804,209.4422
65486,SHIYAN 29,IGO,25300.81563910,1 65486U 25196A   25300.81563910 -.00000260  00000-0  00000+0 0  1636,2 65486  28.5667  21.4639 0010594 177.3971 226.2388  1.00270431   553,28.5667,0.0010594,1.00270431,21.4639,177.3971,226.2388
65486,SHIYAN 29,IGO,25300.89513093,1 65486U 25196A   25300.89513093 -.00000260  00000-0  00000-0 0  3331,2 65486  28.5668  21.4629 0010603 177.4299 254.9013  1.00270397   552,28.5668,0.0010603,1.00270397,21.4629,177.4299,254.9013
65486,SHIYAN 29,IGO,25301.64879808,1 65486U 25196A   25301.64879808 -.00000259  00000-0  00000-0 0  3422,2 65486  28.5675  21.4534 0010645 177.5487 166.8448  1.00270061   552,28.5675,0.0010645,1.00270061,21.4534,177.5487,166.8448
65486,SHIYAN 29,IGO,25301.75525411,1 65486U 25196A   25301.75525411 -.00000259  00000-0  00000+0 0  1665,2 65486  28.5677  21.4521 0010653 177.5851 205.2374  1.00270015   560,28.5677,0.0010653,1.00270015,21.4521,177.5851,205.2374
65486,SHIYAN 29,IGO,25302.20869167,1 65486U 25196A   25302.20869167 -.00000259  00000-0  00000-0 0  3512,2 65486  28.5681  21.4464 0010692 177.7641   8.7417  1.00269802   569,28.5681,0.0010692,1.00269802,21.4464,177.7641,8.7417
65486,SHIYAN 29,IGO,25302.54719132,1 65486U 25196A   25302.54719132 -.00000259  00000-0  00000+0 0  1691,2 65486  28.5685  21.4421 0010707 177.7979 130.9005  1.00269650   569,28.5685,0.0010707,1.0026965,21.4421,177.7979,130.9005
65486,SHIYAN 29,IGO,25302.69144704,1 65486U 25196A   25302.69144704 -.00000259  00000-0  00000+0 0  1706,2 65486  28.5687  21.4403 0010714 177.8449 182.9275  1.00269583   574,28.5687,0.0010714,1.00269583,21.4403,177.8449,182.9275
65486,SHIYAN 29,IGO,25302.90153484,1 65486U 25196A   25302.90153484 -.00000259  00000-0  00000-0 0  3584,2 65486  28.5689  21.4377 0010731 177.9649 258.6454  1.00269488   572,28.5689,0.0010731,1.00269488,21.4377,177.9649,258.6454
65486,SHIYAN 29,IGO,25303.07441589,1 65486U 25196A   25303.07441589 -.00000259  00000-0  00000-0 0  3602,2 65486  28.5691  21.4355 0010743 178.0707 320.9464  1.00269402   571,28.5691,0.0010743,1.00269402,21.4355,178.0707,320.9464
65486,SHIYAN 29,IGO,25303.71128514,1 65486U 25196A   25303.71128514 -.00000259  00000-0  00000+0 0  1745,2 65486  28.5698  21.4275 0010775 178.2451 190.6700  1.00269095   586,28.5698,0.0010775,1.00269095,21.4275,178.2451,190.67
65486,SHIYAN 29,IGO,25303.71128515,1 65486U 25196A   25303.71128515 -.00000259  00000-0  00000-0 0  3648,2 65486  28.5698  21.4275 0010775 178.2451 190.6700  1.00269095   586,28.5698,0.0010775,1.00269095,21.4275,178.2451,190.67
65486,SHIYAN 29,IGO,25304.18169679,1 65486U 25196A   25304.18169679 -.00000259  00000-0  00000-0 0  3679,2 65486  28.5703  21.4216 0010799 178.5631   0.1610  1.00268860   581,28.5703,0.0010799,1.0026886,21.4216,178.5631,0.161
65486,SHIYAN 29,IGO,25304.61441411,1 65486U 25196A   25304.61441411 -.00000259  00000-0  00000+0 0  1761,2 65486  28.5708  21.4161 0010821 178.6827 156.2436  1.00268651   586,28.5708,0.0010821,1.00268651,21.4161,178.6827,156.2436
65486,SHIYAN 29,IGO,25304.70461817,1 65486U 25196A   25304.70461817 -.00000259  00000-0  00000+0 0  1774,2 65486  28.5709  21.4150 0010825 178.7251 188.7630  1.00268606   598,28.5709,0.0010825,1.00268606,21.415,178.7251,188.763
65486,SHIYAN 29,IGO,25305.65340748,1 65486U 25196A   25305.65340748 -.00000260  00000-0  00000-0 0  3773,2 65486  28.5721  21.4031 0010858 179.2567 170.7236  1.00268142   590,28.5721,0.0010858,1.00268142,21.4031,179.2567,170.7236
65486,SHIYAN 29,IGO,25305.77682979,1 65486U 25196A   25305.77682979 -.00000261  00000-0  00000+0 0  1814,2 65486  28.5722  21.4015 0010861 179.3313 215.2017  1.00268082   604,28.5722,0.0010861,1.00268082,21.4015,179.3313,215.2017
65486,SHIYAN 29,IGO,25306.20683603,1 65486U 25196A   25306.20683603 -.00000261  00000-0  00000-0 0  3855,2 65486  28.5727  21.3961 0010855 179.6579  10.0972  1.00267875   608,28.5727,0.0010855,1.00267875,21.3961,179.6579,10.0972
65486,SHIYAN 29,IGO,25306.48483440,1 65486U 25196A   25306.48483440 -.00000262  00000-0  00000+0 0  1838,2 65486  28.5730  21.3926 0010864 179.7865 110.3193  1.00267742   604,28.573,0.0010864,1.00267742,21.3926,179.7865,110.3193
65486,SHIYAN 29,IGO,25306.68087012,1 65486U 25196A   25306.68087012 -.00000262  00000-0  00000+0 0  1846,2 65486  28.5733  21.3902 0010873 179.8863 180.9838  1.00267652   610,28.5733,0.0010873,1.00267652,21.3902,179.8863,180.9838
65486,SHIYAN 29,IGO,25307.54515876,1 65486U 25196A   25307.54515876 -.00000264  00000-0  00000+0 0  1871,2 65486  28.5743  21.3793 0010864 180.4539 132.4026  1.00267258   610,28.5743,0.0010864,1.00267258,21.3793,180.4539,132.4026
65486,SHIYAN 29,IGO,25307.82407205,1 65486U 25196A   25307.82407205 -.00000265  00000-0  00000+0 0  1880,2 65486  28.5746  21.3758 0010865 180.6398 232.8976  1.00267137   626,28.5746,0.0010865,1.00267137,21.3758,180.6398,232.8976
65486,SHIYAN 29,IGO,25307.94484703,1 65486U 25196A   25307.94484703 -.00000265  00000-0  00000-0 0  4010,2 65486  28.5748  21.3743 0010858 180.7269 276.4071  1.00267090   620,28.5748,0.0010858,1.0026709,21.3743,180.7269,276.4071
65486,SHIYAN 29,IGO,25308.18836405,1 65486U 25196A   25308.18836405 -.00000266  00000-0  00000+0 0  1890,2 65486  28.5751  21.3712 0010839 180.8976   4.1394  1.00266986   622,28.5751,0.0010839,1.00266986,21.3712,180.8976,4.1394
65486,SHIYAN 29,IGO,25308.18836406,1 65486U 25196A   25308.18836406 -.00000266  00000-0  00000-0 0  4031,2 65486  28.5751  21.3712 0010839 180.8976   4.1394  1.00266986   622,28.5751,0.0010839,1.00266986,21.3712,180.8976,4.1394
65486,SHIYAN 29,IGO,25308.81823367,1 65486U 25196A   25308.81823367 -.00000267  00000-0  00000+0 0  1906,2 65486  28.5759  21.3633 0010834 181.3030 231.0999  1.00266729   632,28.5759,0.0010834,1.00266729,21.3633,181.303,231.0999
65486,SHIYAN 29,IGO,25308.81823368,1 65486U 25196A   25308.81823368 -.00000267  00000-0  00000-0 0  4046,2 65486  28.5759  21.3633 0010834 181.3031 231.0999  1.00266729   633,28.5759,0.0010834,1.00266729,21.3633,181.3031,231.0999
65486,SHIYAN 29,IGO,25309.07176534,1 65486U 25196A   25309.07176534 -.00000268  00000-0  00000-0 0  4064,2 65486  28.5762  21.3601 0010811 181.4634 322.4575  1.00266637   630,28.5762,0.0010811,1.00266637,21.3601,181.4634,322.4575
65486,SHIYAN 29,IGO,25309.92503976,1 65486U 25196A   25309.92503976 -.00000270  00000-0  00000-0 0  4100,2 65486  28.5772  21.3494 0010769 182.0175 269.9113  1.00266333   647,28.5772,0.0010769,1.00266333,21.3494,182.0175,269.9113
65486,SHIYAN 29,IGO,25310.18826437,1 65486U 25196A   25310.18826437 -.00000271  00000-0  00000-0 0  4123,2 65486  28.5776  21.3461 0010741 182.1435   4.8017  1.00266249   640,28.5776,0.0010741,1.00266249,21.3461,182.1435,4.8017
65486,SHIYAN 29,IGO,25310.80955215,1 65486U 25196A   25310.80955215 -.00000272  00000-0  00000+0 0  1968,2 65486  28.5783  21.3382 0010709 182.5543 228.6574  1.00266059   652,28.5783,0.0010709,1.00266059,21.3382,182.5543,228.6574
65486,SHIYAN 29,IGO,25310.96803251,1 65486U 25196A   25310.96803251 -.00000272  00000-0  00000-0 0  4196,2 65486  28.5785  21.3362 0010692 182.6250 285.7936  1.00266015   657,28.5785,0.0010692,1.00266015,21.3362,182.625,285.7936
65486,SHIYAN 29,IGO,25311.17973330,1 65486U 25196A   25311.17973330 -.00000273  00000-0  00000-0 0  4209,2 65486  28.5788  21.3335 0010667 182.6992   2.1369  1.00265957   650,28.5788,0.0010667,1.00265957,21.3335,182.6992,2.1369
65486,SHIYAN 29,IGO,25311.73216794,1 65486U 25196A   25311.73216794 -.00000274  00000-0  00000+0 0  2034,2 65486  28.5795  21.3265 0010630 183.0478 201.2001  1.00265819   667,28.5795,0.001063,1.00265819,21.3265,183.0478,201.2001
65486,SHIYAN 29,IGO,25311.79248833,1 65486U 25196A   25311.79248833 -.00000274  00000-0  00000+0 0  2040,2 65486  28.5795  21.3258 0010624 183.0839 222.9380  1.00265805   668,28.5795,0.0010624,1.00265805,21.3258,183.0839,222.938
65486,SHIYAN 29,IGO,25311.86011262,1 65486U 25196A   25311.86011262 -.00000274  00000-0  00000+0 0  2053,2 65486  28.5796  21.3249 0010617 183.1180 247.3142  1.00265791   662,28.5796,0.0010617,1.00265791,21.3249,183.118,247.3142
65486,SHIYAN 29,IGO,25312.19901258,1 65486U 25196A   25312.19901258 -.00000275  00000-0  00000+0 0  2065,2 65486  28.5800  21.3207 0010578 183.2000   9.5647  1.00265711   660,28.58,0.0010578,1.00265711,21.3207,183.2,9.5647
65486,SHIYAN 29,IGO,25312.19901259,1 65486U 25196A   25312.19901259 -.00000275  00000-0  00000-0 0  4283,2 65486  28.5800  21.3207 0010578 183.2000   9.5647  1.00265711   660,28.58,0.0010578,1.00265711,21.3207,183.2,9.5647
65486,SHIYAN 29,IGO,25312.53386409,1 65486U 25196A   25312.53386409 -.00000275  00000-0  00000+0 0  2079,2 65486  28.5805  21.3164 0010550 183.3817 130.2535  1.00265647   660,28.5805,0.001055,1.00265647,21.3164,183.3817,130.2535
65486,SHIYAN 29,IGO,25312.63944273,1 65486U 25196A   25312.63944273 -.00000275  00000-0  00000+0 0  2114,2 65486  28.5806  21.3151 0010540 183.4536 168.2922  1.00265624   661,28.5806,0.001054,1.00265624,21.3151,183.4536,168.2922
65486,SHIYAN 29,IGO,25314.89233554,1 65486U 25196A   25314.89233554 -.00000276  00000-0  00000-0 0  4357,2 65486  28.5832  21.2867 0010301 184.1810 260.7865  1.00265251   694,28.5832,0.0010301,1.00265251,21.2867,184.181,260.7865
65486,SHIYAN 29,IGO,25315.19776169,1 65486U 25196A   25315.19776169 -.00000275  00000-0  00000-0 0  4387,2 65486  28.5836  21.2829 0010278 184.1738  11.0425  1.00265196   695,28.5836,0.0010278,1.00265196,21.2829,184.1738,11.0425
65486,SHIYAN 29,IGO,25316.19766713,1 65486U 25196A   25316.19766713 -.00000274  00000-0  00000-0 0  4426,2 65486  28.5847  21.2703 0010179 184.2918  11.8568  1.00265057   703,28.5847,0.0010179,1.00265057,21.2703,184.2918,11.8568
65486,SHIYAN 29,IGO,25316.75810368,1 65486U 25196A   25316.75810368 -.00000274  00000-0  00000+0 0  2195,2 65486  28.5853  21.2632 0010114 184.3315 214.1153  1.00264990   716,28.5853,0.0010114,1.0026499,21.2632,184.3315,214.1153
65486,SHIYAN 29,IGO,25316.75810369,1 65486U 25196A   25316.75810369 -.00000274  00000-0  00000-0 0  4469,2 65486  28.5853  21.2632 0010114 184.3315 214.1153  1.00264990   716,28.5853,0.0010114,1.0026499,21.2632,184.3315,214.1153
65486,SHIYAN 29,IGO,25317.09559837,1 65486U 25196A   25317.09559837 -.00000273  00000-0  00000-0 0  4488,2 65486  28.5856  21.2590 0010090 184.3288 335.9423  1.00264932   712,28.5856,0.001009,1.00264932,21.259,184.3288,335.9423
65486,SHIYAN 29,IGO,25317.64112243,1 65486U 25196A   25317.64112243 -.00000272  00000-0  00000-0 0  4518,2 65486  28.5862  21.2521 0010046 184.3020 172.8842  1.00264859   719,28.5862,0.0010046,1.00264859,21.2521,184.302,172.8842
65486,SHIYAN 29,IGO,25317.70527185,1 65486U 25196A   25317.70527185 -.00000272  00000-0  00000+0 0  2258,2 65486  28.5863  21.2513 0010038 184.2881 196.0538  1.00264849   726,28.5863,0.0010038,1.00264849,21.2513,184.2881,196.0538
65486,SHIYAN 29,IGO,25317.80006571,1 65486U 25196A   25317.80006571 -.00000272  00000-0  00000+0 0  2261,2 65486  28.5864  21.2501 0010027 184.2898 230.2694  1.00264832   726,28.5864,0.0010027,1.00264832,21.2501,184.2898,230.2694
65486,SHIYAN 29,IGO,25317.96005738,1 65486U 25196A   25317.96005738 -.00000272  00000-0  00000-0 0  4557,2 65486  28.5866  21.2480 0010016 184.2866 288.0243  1.00264804   727,28.5866,0.0010016,1.00264804,21.248,184.2866,288.0243
65486,SHIYAN 29,IGO,25318.12767907,1 65486U 25196A   25318.12767907 -.00000272  00000-0  00000-0 0  4560,2 65486  28.5867  21.2459 0010009 184.2769 348.5397  1.00264771   723,28.5867,0.0010009,1.00264771,21.2459,184.2769,348.5397
65486,SHIYAN 29,IGO,25318.66593302,1 65486U 25196A   25318.66593302 -.00000271  00000-0  00000+0 0  2303,2 65486  28.5873  21.2391 0009976 184.1990 182.9080  1.00264688   738,28.5873,0.0009976,1.00264688,21.2391,184.199,182.908
65486,SHIYAN 29,IGO,25319.77258034,1 65486U 25196A   25319.77258034 -.00000269  00000-0  00000-0 0  4609,2 65486  28.5885  21.2252 0009915 184.0095 222.5577  1.00264475   742,28.5885,0.0009915,1.00264475,21.2252,184.0095,222.5577
65486,SHIYAN 29,IGO,25320.50815068,1 65486U 25196A   25320.50815068 -.00000267  00000-0  00000+0 0  2333,2 65486  28.5892  21.2160 0009894 183.9138 128.1677  1.00264318   748,28.5892,0.0009894,1.00264318,21.216,183.9138,128.1677
65486,SHIYAN 29,IGO,25320.56752911,1 65486U 25196A   25320.56752911 -.00000267  00000-0  00000-0 0  4643,2 65486  28.5892  21.2152 0009893 183.8961 149.6188  1.00264306   743,28.5892,0.0009893,1.00264306,21.2152,183.8961,149.6188
65486,SHIYAN 29,IGO,25320.79128352,1 65486U 25196A   25320.79128352 -.00000267  00000-0  00000+0 0  2348,2 65486  28.5895  21.2124 0009880 183.8226 230.4593  1.00264256   759,28.5895,0.000988,1.00264256,21.2124,183.8226,230.4593
65486,SHIYAN 29,IGO,25321.13462866,1 65486U 25196A   25321.13462866 -.00000266  00000-0  00000-0 0  4700,2 65486  28.5898  21.2081 0009869 183.7515 354.4656  1.00264170   753,28.5898,0.0009869,1.0026417,21.2081,183.7515,354.4656
65486,SHIYAN 29,IGO,25321.65285498,1 65486U 25196A   25321.65285498 -.00000265  00000-0  00000-0 0  4722,2 65486  28.5903  21.2016 0009869 183.6659 181.6113  1.00264052   764,28.5903,0.0009869,1.00264052,21.2016,183.6659,181.6113
65486,SHIYAN 29,IGO,25321.85812161,1 65486U 25196A   25321.85812161 -.00000265  00000-0  00000+0 0  2375,2 65486  28.5905  21.1991 0009864 183.5851 255.7856  1.00264000   765,28.5905,0.0009864,1.00264,21.1991,183.5851,255.7856
65486,SHIYAN 29,IGO,25322.07837574,1 65486U 25196A   25322.07837574 -.00000264  00000-0  00000+0 0  2385,2 65486  28.5907  21.1962 0009858 183.5473 335.3269  1.00263940   763,28.5907,0.0009858,1.0026394,21.1962,183.5473,335.3269
65486,SHIYAN 29,IGO,25322.07837575,1 65486U 25196A   25322.07837575 -.00000264  00000-0  00000-0 0  4750,2 65486  28.5907  21.1962 0009858 183.5473 335.3269  1.00263940   763,28.5907,0.0009858,1.0026394,21.1962,183.5473,335.3269
65486,SHIYAN 29,IGO,25322.84369192,1 65486U 25196A   25322.84369192 -.00000263  00000-0  00000+0 0  2396,2 65486  28.5915  21.1866 0009861 183.4339 251.6902  1.00263742   774,28.5915,0.0009861,1.00263742,21.1866,183.4339,251.6902
65486,SHIYAN 29,IGO,25322.84369193,1 65486U 25196A   25322.84369193 -.00000263  00000-0  00000-0 0  4761,2 65486  28.5915  21.1866 0009861 183.4339 251.6902  1.00263742   774,28.5915,0.0009861,1.00263742,21.1866,183.4339,251.6902
65486,SHIYAN 29,IGO,25323.13886388,1 65486U 25196A   25323.13886388 -.00000262  00000-0  00000-0 0  4774,2 65486  28.5918  21.1828 0009858 183.3752 358.2947  1.00263655   775,28.5918,0.0009858,1.00263655,21.1828,183.3752,358.2947
65486,SHIYAN 29,IGO,25325.13115469,1 65486U 25196A   25325.13115469 -.00000258  00000-0  00000+0 0  2458,2 65486  28.5937  21.1578 0009904 183.1028 357.7046  1.00263050   799,28.5937,0.0009904,1.0026305,21.1578,183.1028,357.7046
65486,SHIYAN 29,IGO,25325.79002485,1 65486U 25196A   25325.79002485 -.00000257  00000-0  00000-0 0  4792,2 65486  28.5944  21.1495 0009930 183.0923 235.5399  1.00262832   800,28.5944,0.000993,1.00262832,21.1495,183.0923,235.5399
65486,SHIYAN 29,IGO,25326.76510193,1 65486U 25196A   25326.76510193 -.00000255  00000-0  00000+0 0  2481,2 65486  28.5953  21.1373 0009968 183.1161 227.4780  1.00262491   817,28.5953,0.0009968,1.00262491,21.1373,183.1161,227.478
65486,SHIYAN 29,IGO,25327.13532144,1 65486U 25196A   25327.13532144 -.00000255  00000-0  00000-0 0  4824,2 65486  28.5957  21.1326 0009988 183.1127   1.1144  1.00262346   813,28.5957,0.0009988,1.00262346,21.1326,183.1127,1.1144
65486,SHIYAN 29,IGO,25327.76797338,1 65486U 25196A   25327.76797338 -.00000254  00000-0  00000+0 0  2502,2 65486  28.5963  21.1246 0010013 183.2030 229.3837  1.00262108   826,28.5963,0.0010013,1.00262108,21.1246,183.203,229.3837
65486,SHIYAN 29,IGO,25328.01666041,1 65486U 25196A   25328.01666041 -.00000253  00000-0  00000+0 0  2517,2 65486  28.5965  21.1215 0010032 183.2263 319.1251  1.00262006   828,28.5965,0.0010032,1.00262006,21.1215,183.2263,319.1251
65486,SHIYAN 29,IGO,25328.06171123,1 65486U 25196A   25328.06171123 -.00000253  00000-0  00000-0 0  4854,2 65486  28.5966  21.1209 0010035 183.2204 335.3923  1.00261987   823,28.5966,0.0010035,1.00261987,21.1209,183.2204,335.3923
65486,SHIYAN 29,IGO,25328.78920152,1 65486U 25196A   25328.78920152 -.00000252  00000-0  00000+0 0  2538,2 65486  28.5973  21.1117 0010065 183.3354 237.8684  1.00261693   834,28.5973,0.0010065,1.00261693,21.1117,183.3354,237.8684
65486,SHIYAN 29,IGO,25328.89317316,1 65486U 25196A   25328.89317316 -.00000252  00000-0  00000-0 0  4883,2 65486  28.5974  21.1105 0010074 183.3721 275.3606  1.00261649   832,28.5974,0.0010074,1.00261649,21.1105,183.3721,275.3606
65486,SHIYAN 29,IGO,25329.08532079,1 65486U 25196A   25329.08532079 -.00000252  00000-0  00000-0 0  4903,2 65486  28.5976  21.1080 0010087 183.4082 344.6808  1.00261564   831,28.5976,0.0010087,1.00261564,21.108,183.4082,344.6808
65486,SHIYAN 29,IGO,25329.83683571,1 65486U 25196A   25329.83683571 -.00000252  00000-0  00000+0 0  2558,2 65486  28.5984  21.0985 0010119 183.5789 255.7719  1.00261244   843,28.5984,0.0010119,1.00261244,21.0985,183.5789,255.7719
65486,SHIYAN 29,IGO,25329.94371788,1 65486U 25196A   25329.94371788 -.00000251  00000-0  00000-0 0  4949,2 65486  28.5985  21.0972 0010127 183.6293 294.3008  1.00261196   846,28.5985,0.0010127,1.00261196,21.0972,183.6293,294.3008
65486,SHIYAN 29,IGO,25330.03601419,1 65486U 25196A   25330.03601419 -.00000251  00000-0  00000-0 0  4959,2 65486  28.5986  21.0960 0010133 183.6647 327.5798  1.00261152   841,28.5986,0.0010133,1.00261152,21.096,183.6647,327.5798
65486,SHIYAN 29,IGO,25330.76560983,1 65486U 25196A   25330.76560983 -.00000251  00000-0  00000-0 0  4982,2 65486  28.5994  21.0867 0010163 183.7843 230.8093  1.00260827   851,28.5994,0.0010163,1.00260827,21.0867,183.7843,230.8093
65486,SHIYAN 29,IGO,25331.03115367,1 65486U 25196A   25331.03115367 -.00000251  00000-0  00000+0 0  2599,2 65486  28.5997  21.0834 0010179 183.9487 326.4929  1.00260704   855,28.5997,0.0010179,1.00260704,21.0834,183.9487,326.4929
65486,SHIYAN 29,IGO,25331.11379363,1 65486U 25196A   25331.11379363 -.00000251  00000-0  00000-0 0  5006,2 65486  28.5998  21.0823 0010182 183.9865 356.2839  1.00260660   850,28.5998,0.0010182,1.0026066,21.0823,183.9865,356.2839
65486,SHIYAN 29,IGO,25331.65709735,1 65486U 25196A   25331.65709735 -.00000251  00000-0  00000-0 0  5027,2 65486  28.6004  21.0754 0010210 184.0120 192.3644  1.00260414   861,28.6004,0.001021,1.00260414,21.0754,184.012,192.3644
65486,SHIYAN 29,IGO,25334.03462837,1 65486U 25196A   25334.03462837 -.00000260  00000-0  00000+0 0  2634,2 65486  28.6032  21.0451 0012120 184.4543 330.3307  1.00287308   884,28.6032,0.001212,1.00287308,21.0451,184.4543,330.3307
65486,SHIYAN 29,IGO,25334.59553757,1 65486U 25196A   25334.59553757 -.00000261  00000-0  00000-0 0  5047,2 65486  28.6040  21.0383 0012114 184.6238 172.6745  1.00287022   889,28.604,0.0012114,1.00287022,21.0383,184.6238,172.6745
65486,SHIYAN 29,IGO,25334.95545887,1 65486U 25196A   25334.95545887 -.00000262  00000-0  00000-0 0  5054,2 65486  28.6045  21.0337 0012105 184.8298 302.4165  1.00286870   891,28.6045,0.0012105,1.0028687,21.0337,184.8298,302.4165
65486,SHIYAN 29,IGO,25335.79427543,1 65486U 25196A   25335.79427543 -.00000265  00000-0  00000+0 0  2650,2 65486  28.6055  21.0231 0012117 185.1253 244.9710  1.00286513   905,28.6055,0.0012117,1.00286513,21.0231,185.1253,244.971
65486,SHIYAN 29,IGO,25336.07143198,1 65486U 25196A   25336.07143198 -.00000266  00000-0  00000-0 0  5085,2 65486  28.6058  21.0196 0012095 185.2728 344.8891  1.00286406   902,28.6058,0.0012095,1.00286406,21.0196,185.2728,344.8891
65486,SHIYAN 29,IGO,25336.59314161,1 65486U 25196A   25336.59314161 -.00000267  00000-0  00000-0 0  5094,2 65486  28.6065  21.0130 0012091 185.5015 173.0198  1.00286191   909,28.6065,0.0012091,1.00286191,21.013,185.5015,173.0198
65486,SHIYAN 29,IGO,25337.59192260,1 65486U 25196A   25337.59192260 -.00000270  00000-0  00000-0 0  5105,2 65486  28.6077  21.0004 0012002 186.1444 172.9782  1.00285804   915,28.6077,0.0012002,1.00285804,21.0004,186.1444,172.9782
65486,SHIYAN 29,IGO,25338.59064847,1 65486U 25196A   25338.59064847 -.00000273  00000-0  00000+0 0  2700,2 65486  28.6090  20.9877 0011914 186.6427 173.0605  1.00285488   928,28.609,0.0011914,1.00285488,20.9877,186.6427,173.0605
65486,SHIYAN 29,IGO,25338.59064848,1 65486U 25196A   25338.59064848 -.00000273  00000-0  00000-0 0  5110,2 65486  28.6090  20.9877 0011914 186.6427 173.0605  1.00285488   928,28.609,0.0011914,1.00285488,20.9877,186.6427,173.0605
65486,SHIYAN 29,IGO,25339.58944917,1 65486U 25196A   25339.58944917 -.00000275  00000-0  00000-0 0  5127,2 65486  28.6102  20.9750 0011821 187.0385 173.2712  1.00285227   941,28.6102,0.0011821,1.00285227,20.975,187.0385,173.2712
65486,SHIYAN 29,IGO,25340.58813072,1 65486U 25196A   25340.58813072 -.00000277  00000-0  00000-0 0  5139,2 65486  28.6115  20.9623 0011713 187.3754 173.4970  1.00285017   953,28.6115,0.0011713,1.00285017,20.9623,187.3754,173.497
65486,SHIYAN 29,IGO,25341.00268133,1 65486U 25196A   25341.00268133 -.00000277  00000-0  00000-0 0  5140,2 65486  28.6120  20.9570 0011598 187.8360 322.7046  1.00284908   950,28.612,0.0011598,1.00284908,20.957,187.836,322.7046
65486,SHIYAN 29,IGO,25341.58677543,1 65486U 25196A   25341.58677543 -.00000277  00000-0  00000-0 0  5153,2 65486  28.6127  20.9496 0011533 187.9933 173.4268  1.00284818   968,28.6127,0.0011533,1.00284818,20.9496,187.9933,173.4268
65486,SHIYAN 29,IGO,25342.58555742,1 65486U 25196A   25342.58555742 -.00000277  00000-0  00000+0 0  2752,2 65486  28.6138  20.9369 0011430 188.0969 173.9208  1.00284676   978,28.6138,0.001143,1.00284676,20.9369,188.0969,173.9208
65486,SHIYAN 29,IGO,25342.58555743,1 65486U 25196A   25342.58555743 -.00000277  00000-0  00000-0 0  5162,2 65486  28.6138  20.9369 0011430 188.0969 173.9208  1.00284676   978,28.6138,0.001143,1.00284676,20.9369,188.0969,173.9208
65486,SHIYAN 29,IGO,25343.07976183,1 65486U 25196A   25343.07976183 -.00000277  00000-0  00000+0 0  2764,2 65486  28.6144  20.9307 0011486 187.5416 352.9038  1.00284631   970,28.6144,0.0011486,1.00284631,20.9307,187.5416,352.9038
65486,SHIYAN 29,IGO,25343.07976184,1 65486U 25196A   25343.07976184 -.00000277  00000-0  00000-0 0  5174,2 65486  28.6144  20.9307 0011486 187.5416 352.9038  1.00284631   970,28.6144,0.0011486,1.00284631,20.9307,187.5416,352.9038
65486,SHIYAN 29,IGO,25343.58426041,1 65486U 25196A   25343.58426041 -.00000277  00000-0  00000+0 0  2774,2 65486  28.6150  20.9243 0011451 187.4682 175.1194  1.00284579   982,28.615,0.0011451,1.00284579,20.9243,187.4682,175.1194
65486,SHIYAN 29,IGO,25344.06032006,1 65486U 25196A   25344.06032006 -.00000277  00000-0  00000-0 0  5204,2 65486  28.6156  20.9183 0011306 187.9326 346.5291  1.00284478   980,28.6156,0.0011306,1.00284478,20.9183,187.9326,346.5291
65486,SHIYAN 29,IGO,25344.54096428,1 65486U 25196A   25344.54096428 -.00000276  00000-0  00000+0 0  2794,2 65486  28.6160  20.9121 0011208 188.1513 159.8394  1.00284412   986,28.616,0.0011208,1.00284412,20.9121,188.1513,159.8394
65486,SHIYAN 29,IGO,25344.61881083,1 65486U 25196A   25344.61881083 -.00000276  00000-0  00000+0 0  2803,2 65486  28.6161  20.9111 0011230 187.9877 188.1086  1.00284404   996,28.6161,0.001123,1.00284404,20.9111,187.9877,188.1086
65486,SHIYAN 29,IGO,25344.61881084,1 65486U 25196A   25344.61881084 -.00000276  00000-0  00000-0 0  5224,2 65486  28.6161  20.9111 0011230 187.9877 188.1086  1.00284404   996,28.6161,0.001123,1.00284404,20.9111,187.9877,188.1086
65486,SHIYAN 29,IGO,25345.08210183,1 65486U 25196A   25345.08210183 -.00000276  00000-0  00000-0 0  5255,2 65486  28.6166  20.9052 0011178 188.0212 355.3398  1.00284323   995,28.6166,0.0011178,1.00284323,20.9052,188.0212,355.3398
65486,SHIYAN 29,IGO,25345.63081295,1 65486U 25196A   25345.63081295 -.00000275  00000-0  00000-0 0  5277,2 65486  28.6172  20.8982 0011137 187.9236 193.5412  1.00284252  1005,28.6172,0.0011137,1.00284252,20.8982,187.9236,193.5412
65486,SHIYAN 29,IGO,25345.98385012,1 65486U 25196A   25345.98385012 -.00000275  00000-0  00000-0 0  5314,2 65486  28.6176  20.8938 0011109 187.9104 321.0134  1.00284188  1000,28.6176,0.0011109,1.00284188,20.8938,187.9104,321.0134
65486,SHIYAN 29,IGO,25346.08099935,1 65486U 25196A   25346.08099935 -.00000275  00000-0  00000+0 0  2880,2 65486  28.6177  20.8925 0011101 187.9192 356.0789  1.00284168  1008,28.6177,0.0011101,1.00284168,20.8925,187.9192,356.0789
65486,SHIYAN 29,IGO,25346.08099936,1 65486U 25196A   25346.08099936 -.00000275  00000-0  00000-0 0  5324,2 65486  28.6177  20.8925 0011101 187.9192 356.0789  1.00284168  1008,28.6177,0.0011101,1.00284168,20.8925,187.9192,356.0789
65486,SHIYAN 29,IGO,25346.82765456,1 65486U 25196A   25346.82765456 -.00000274  00000-0  00000-0 0  5377,2 65486  28.6185  20.8831 0011057 187.7374 265.8289  1.00284042  1017,28.6185,0.0011057,1.00284042,20.8831,187.7374,265.8289
65486,SHIYAN 29,IGO,25347.07969425,1 65486U 25196A   25347.07969425 -.00000273  00000-0  00000-0 0  5400,2 65486  28.6187  20.8799 0011048 187.6997 356.8618  1.00283992  1012,28.6187,0.0011048,1.00283992,20.8799,187.6997,356.8618
65486,SHIYAN 29,IGO,25347.57903000,1 65486U 25196A   25347.57903000 -.00000273  00000-0  00000-0 0  5413,2 65486  28.6193  20.8735 0011029 187.5888 177.2497  1.00283900  1026,28.6193,0.0011029,1.002839,20.8735,187.5888,177.2497
65486,SHIYAN 29,IGO,25348.07842892,1 65486U 25196A   25348.07842892 -.00000272  00000-0  00000-0 0  5420,2 65486  28.6198  20.8672 0010994 187.4976 357.6407  1.00283786  1025,28.6198,0.0010994,1.00283786,20.8672,187.4976,357.6407
65486,SHIYAN 29,IGO,25348.89087660,1 65486U 25196A   25348.89087660 -.00000271  00000-0  00000-0 0  5445,2 65486  28.6206  20.8570 0010964 187.2743 291.1843  1.00283600  1031,28.6206,0.0010964,1.002836,20.857,187.2743,291.1843
65486,SHIYAN 29,IGO,25349.06780931,1 65486U 25196A   25349.06780931 -.00000271  00000-0  00000-0 0  5457,2 65486  28.6208  20.8547 0010957 187.2526 355.0846  1.00283554  1039,28.6208,0.0010957,1.00283554,20.8547,187.2526,355.0846
65486,SHIYAN 29,IGO,25349.57645427,1 65486U 25196A   25349.57645427 -.00000270  00000-0  00000-0 0  5463,2 65486  28.6213  20.8483 0010955 187.1611 178.8134  1.00283429  1049,28.6213,0.0010955,1.00283429,20.8483,187.1611,178.8134
65486,SHIYAN 29,IGO,25350.07580777,1 65486U 25196A   25350.07580777 -.00000269  00000-0  00000-0 0  5486,2 65486  28.6218  20.8420 0010943 187.0135 359.2436  1.00283293  1041,28.6218,0.0010943,1.00283293,20.842,187.0135,359.2436
65486,SHIYAN 29,IGO,25350.83218481,1 65486U 25196A   25350.83218481 -.00000268  00000-0  00000-0 0  5490,2 65486  28.6226  20.8325 0010948 186.8404 272.4922  1.00283082  1058,28.6226,0.0010948,1.00283082,20.8325,186.8404,272.4922
65486,SHIYAN 29,IGO,25351.06294728,1 65486U 25196A   25351.06294728 -.00000267  00000-0  00000-0 0  5516,2 65486  28.6228  20.8296 0010944 186.7998 355.8454  1.00283011  1058,28.6228,0.0010944,1.00283011,20.8296,186.7998,355.8454
65486,SHIYAN 29,IGO,25351.57384237,1 65486U 25196A   25351.57384237 -.00000267  00000-0  00000-0 0  5528,2 65486  28.6233  20.8231 0010945 186.7576 180.3362  1.00282857  1063,28.6233,0.0010945,1.00282857,20.8231,186.7576,180.3362
65486,SHIYAN 29,IGO,25351.67488159,1 65486U 25196A   25351.67488159 -.00000266  00000-0  00000-0 0  5537,2 65486  28.6234  20.8219 0010953 186.7210 216.8509  1.00282825  1067,28.6234,0.0010953,1.00282825,20.8219,186.721,216.8509
65486,SHIYAN 29,IGO,25352.07328792,1 65486U 25196A   25352.07328792 -.00000266  00000-0  00000-0 0  5549,2 65486  28.6238  20.8168 0010949 186.6450   0.7634  1.00282691  1064,28.6238,0.0010949,1.00282691,20.8168,186.645,0.7634
65486,SHIYAN 29,IGO,25352.90962646,1 65486U 25196A   25352.90962646 -.00000265  00000-0  00000-0 0  5564,2 65486  28.6246  20.8063 0010978 186.5260 302.8248  1.00282416  1070,28.6246,0.0010978,1.00282416,20.8063,186.526,302.8248
65486,SHIYAN 29,IGO,25352.95545802,1 65486U 25196A   25352.95545802 -.00000265  00000-0  00000-0 0  5571,2 65486  28.6247  20.8057 0010977 186.5193 319.3780  1.00282399  1072,28.6247,0.0010977,1.00282399,20.8057,186.5193,319.378
65486,SHIYAN 29,IGO,25353.68396824,1 65486U 25196A   25353.68396824 -.00000264  00000-0  00000+0 0  2991,2 65486  28.6254  20.7964 0011000 186.4644 222.4457  1.00282144  1088,28.6254,0.0011,1.00282144,20.7964,186.4644,222.4457
65486,SHIYAN 29,IGO,25353.68396825,1 65486U 25196A   25353.68396825 -.00000264  00000-0  00000-0 0  5581,2 65486  28.6254  20.7964 0011000 186.4644 222.4457  1.00282144  1088,28.6254,0.0011,1.00282144,20.7964,186.4644,222.4457
65486,SHIYAN 29,IGO,25354.50546006,1 65486U 25196A   25354.50546006 -.00000262  00000-0  00000-0 0  5590,2 65486  28.6262  20.7860 0011024 186.4035 159.0873  1.00281838  1088,28.6262,0.0011024,1.00281838,20.786,186.4035,159.0873
65486,SHIYAN 29,IGO,25354.70680933,1 65486U 25196A   25354.70680933 -.00000262  00000-0  00000-0 0  5613,2 65486  28.6264  20.7835 0011040 186.4101 231.7730  1.00281759  1097,28.6264,0.001104,1.00281759,20.7835,186.4101,231.773
65486,SHIYAN 29,IGO,25355.54747108,1 65486U 25196A   25355.54747108 -.00000261  00000-0  00000-0 0  5624,2 65486  28.6273  20.7728 0011059 186.4169 175.2666  1.00281423  1102,28.6273,0.0011059,1.00281423,20.7728,186.4169,175.2666
65486,SHIYAN 29,IGO,25355.70239652,1 65486U 25196A   25355.70239652 -.00000261  00000-0  00000-0 0  5644,2 65486  28.6274  20.7709 0011075 186.4337 231.1818  1.00281361  1109,28.6274,0.0011075,1.00281361,20.7709,186.4337,231.1818
65486,SHIYAN 29,IGO,25356.92837514,1 65486U 25196A   25356.92837514 -.00000260  00000-0  00000+0 0  3039,2 65486  28.6287  20.7553 0011136 186.5834 313.6395  1.00280843  1112,28.6287,0.0011136,1.00280843,20.7553,186.5834,313.6395
65486,SHIYAN 29,IGO,25358.92837692,1 65486U 25196A   25358.92837692 -.00000261  00000-0  00000+0 0  3073,2 65486  28.6309  20.7299 0011213 187.0424 315.2239  1.00279938  1131,28.6309,0.0011213,1.00279938,20.7299,187.0424,315.2239
65486,SHIYAN 29,IGO,25358.92837693,1 65486U 25196A   25358.92837693 -.00000261  00000-0  00000-0 0  5662,2 65486  28.6309  20.7299 0011213 187.0424 315.2239  1.00279938  1131,28.6309,0.0011213,1.00279938,20.7299,187.0424,315.2239
65486,SHIYAN 29,IGO,25359.84537095,1 65486U 25196A   25359.84537095 -.00000262  00000-0  00000+0 0  3081,2 65486  28.6320  20.7182 0011230 187.3598 285.9587  1.00279502  1146,28.632,0.001123,1.00279502,20.7182,187.3598,285.9587
65486,SHIYAN 29,IGO,25359.93132104,1 65486U 25196A   25359.93132104 -.00000262  00000-0  00000-0 0  5693,2 65486  28.6321  20.7171 0011235 187.4014 316.9465  1.00279463  1140,28.6321,0.0011235,1.00279463,20.7171,187.4014,316.9465
65486,SHIYAN 29,IGO,25359.99434911,1 65486U 25196A   25359.99434911 -.00000262  00000-0  00000-0 0  5702,2 65486  28.6321  20.7163 0011239 187.4187 339.6835  1.00279432  1145,28.6321,0.0011239,1.00279432,20.7163,187.4187,339.6835
65486,SHIYAN 29,IGO,25360.62595535,1 65486U 25196A   25360.62595535 -.00000263  00000-0  00000-0 0  5727,2 65486  28.6329  20.7082 0011260 187.5686 207.5546  1.00279130  1150,28.6329,0.001126,1.0027913,20.7082,187.5686,207.5546
65486,SHIYAN 29,IGO,25360.68539998,1 65486U 25196A   25360.68539998 -.00000263  00000-0  00000+0 0  3114,2 65486  28.6329  20.7075 0011260 187.5988 228.9850  1.00279102  1151,28.6329,0.001126,1.00279102,20.7075,187.5988,228.985
65486,SHIYAN 29,IGO,25360.85574530,1 65486U 25196A   25360.85574530 -.00000263  00000-0  00000+0 0  3125,2 65486  28.6332  20.7053 0011257 187.7141 290.3672  1.00279027  1151,28.6332,0.0011257,1.00279027,20.7053,187.7141,290.3672
65486,SHIYAN 29,IGO,25360.85574531,1 65486U 25196A   25360.85574531 -.00000263  00000-0  00000-0 0  5747,2 65486  28.6332  20.7053 0011257 187.7141 290.3672  1.00279027  1151,28.6332,0.0011257,1.00279027,20.7053,187.7141,290.3672
65486,SHIYAN 29,IGO,25360.97351427,1 65486U 25196A   25360.97351427 -.00000263  00000-0  00000+0 0  3137,2 65486  28.6333  20.7038 0011258 187.7772 332.8206  1.00278972  1159,28.6333,0.0011258,1.00278972,20.7038,187.7772,332.8206
65486,SHIYAN 29,IGO,25360.97351428,1 65486U 25196A   25360.97351428 -.00000263  00000-0  00000-0 0  5759,2 65486  28.6333  20.7038 0011258 187.7772 332.8206  1.00278972  1159,28.6333,0.0011258,1.00278972,20.7038,187.7772,332.8206
65486,SHIYAN 29,IGO,25361.70675958,1 65486U 25196A   25361.70675958 -.00000265  00000-0  00000+0 0  3140,2 65486  28.6342  20.6945 0011257 188.0611 237.2498  1.00278622  1164,28.6342,0.0011257,1.00278622,20.6945,188.0611,237.2498
65486,SHIYAN 29,IGO,25361.91518242,1 65486U 25196A   25361.91518242 -.00000265  00000-0  00000+0 0  3156,2 65486  28.6344  20.6919 0011244 188.2110 312.3437  1.00278532  1167,28.6344,0.0011244,1.00278532,20.6919,188.211,312.3437
65486,SHIYAN 29,IGO,25361.91518243,1 65486U 25196A   25361.91518243 -.00000265  00000-0  00000-0 0  5778,2 65486  28.6344  20.6919 0011244 188.2110 312.3437  1.00278532  1167,28.6344,0.0011244,1.00278532,20.6919,188.211,312.3437
65486,SHIYAN 29,IGO,25361.96726588,1 65486U 25196A   25361.96726588 -.00000266  00000-0  00000+0 0  3167,2 65486  28.6345  20.6912 0011240 188.2450 331.1125  1.00278507  1169,28.6345,0.001124,1.00278507,20.6912,188.245,331.1125
65486,SHIYAN 29,IGO,25361.96726589,1 65486U 25196A   25361.96726589 -.00000266  00000-0  00000-0 0  5789,2 65486  28.6345  20.6912 0011240 188.2450 331.1125  1.00278507  1169,28.6345,0.001124,1.00278507,20.6912,188.245,331.1125
65486,SHIYAN 29,IGO,25362.77921514,1 65486U 25196A   25362.77921514 -.00000268  00000-0  00000+0 0  3176,2 65486  28.6355  20.6809 0011225 188.6231 263.8595  1.00278133  1177,28.6355,0.0011225,1.00278133,20.6809,188.6231,263.8595
65486,SHIYAN 29,IGO,25362.77921515,1 65486U 25196A   25362.77921515 -.00000268  00000-0  00000-0 0  5798,2 65486  28.6355  20.6809 0011225 188.6231 263.8595  1.00278133  1177,28.6355,0.0011225,1.00278133,20.6809,188.6231,263.8595
65486,SHIYAN 29,IGO,25363.83642345,1 65486U 25196A   25363.83642345 -.00000271  00000-0  00000+0 0  3181,2 65486  28.6368  20.6676 0011175 189.1822 284.9659  1.00277682  1183,28.6368,0.0011175,1.00277682,20.6676,189.1822,284.9659
65486,SHIYAN 29,IGO,25363.96477088,1 65486U 25196A   25363.96477088 -.00000271  00000-0  00000-0 0  5852,2 65486  28.6370  20.6660 0011161 189.2554 331.2276  1.00277633  1184,28.637,0.0011161,1.00277633,20.666,189.2554,331.2276
65486,SHIYAN 29,IGO,25364.65678110,1 65486U 25196A   25364.65678110 -.00000273  00000-0  00000+0 0  3217,2 65486  28.6378  20.6572 0011127 189.6109 220.6953  1.00277353  1199,28.6378,0.0011127,1.00277353,20.6572,189.6109,220.6953
65486,SHIYAN 29,IGO,25364.65678111,1 65486U 25196A   25364.65678111 -.00000273  00000-0  00000-0 0  5862,2 65486  28.6378  20.6572 0011127 189.6109 220.6953  1.00277353  1199,28.6378,0.0011127,1.00277353,20.6572,189.6109,220.6953
65486,SHIYAN 29,IGO,25364.98948803,1 65486U 25196A   25364.98948803 -.00000274  00000-0  00000+0 0  3224,2 65486  28.6382  20.6530 0011091 189.7558 340.6614  1.00277236  1194,28.6382,0.0011091,1.00277236,20.653,189.7558,340.6614
65486,SHIYAN 29,IGO,25364.98948804,1 65486U 25196A   25364.98948804 -.00000274  00000-0  00000-0 0  5879,2 65486  28.6382  20.6530 0011091 189.7558 340.6614  1.00277236  1194,28.6382,0.0011091,1.00277236,20.653,189.7558,340.6614
